employee_id,orders_cnt,revenue,cost,margin_pct,rate_pct,commission_base,bonus_target,adjustments,payout_raw,total_payout,full_name
1001,91,32422.02,23609.38,27.181033137355413,2.0,648.4404,0.0,150.0,798.4404,798.4404,John Smith
1002,102,34604.19,24086.3,30.39484524850893,2.5,865.1047500000001,200.0,75.0,1140.10475,1140.10475,Maria Lopez
1003,76,27665.53,20088.74,27.387113133202213,2.0,553.3106,0.0,0.0,553.3106,553.3106,Kevin Lee
1004,105,37344.49,26807.99,28.21433630503455,2.0,746.8897999999999,200.0,-120.0,826.8897999999999,826.8897999999999,Alice Brown
1005,72,24935.92,18346.8,26.424210536447017,2.0,498.7184,0.0,0.0,498.7184,498.7184,David Clark
1006,89,31892.02,23145.36,27.42585762833461,2.0,637.8404,0.0,0.0,637.8404,637.8404,Sofia Martinez
